Front;Back;Tags;Number;Topic;Key;AnswerText
Завдання 1. Фонетика: однаковий звук. Відкрийте зображення питання у HTML-картці.;Правильна відповідь: Б. Б: анекдот, гречний, екзотика;ukr_mova nmt2025 task_01;1;Фонетика: однаковий звук;Б;Б: анекдот, гречний, екзотика
Завдання 2. Орфоепія: наголос. Відкрийте зображення питання у HTML-картці.;Правильна відповідь: А. А: заіржавілі гальма, новий обруч;ukr_mova nmt2025 task_02;2;Орфоепія: наголос;А;А: заіржавілі гальма, новий обруч
Завдання 3. Орфографія: е/и в словах. Відкрийте зображення питання у HTML-картці.;Правильна відповідь: В. В: клекотіти, стрічечка, верховний;ukr_mova nmt2025 task_03;3;Орфографія: е/и в словах;В;В: клекотіти, стрічечка, верховний
Завдання 4. Орфографія: м’який знак. Відкрийте зображення питання у HTML-картці.;Правильна відповідь: Г. Г: посунься, катається, Гуцульщина;ukr_mova nmt2025 task_04;4;Орфографія: м’який знак;Г;Г: посунься, катається, Гуцульщина
Завдання 5. Орфографія: буква а. Відкрийте зображення питання у HTML-картці.;Правильна відповідь: А. А: відламати, багаття, качан;ukr_mova nmt2025 task_05;5;Орфографія: буква а;А;А: відламати, багаття, качан
Завдання 6. Орфографія: спрощення / пропуск букви. Відкрийте зображення питання у HTML-картці.;Правильна відповідь: В. В: безчесний, щасливий, тижневий;ukr_mova nmt2025 task_06;6;Орфографія: спрощення / пропуск букви;В;В: безчесний, щасливий, тижневий
Завдання 7. Орфографія: дефіс у складних словах. Відкрийте зображення питання у HTML-картці.;Правильна відповідь: Г. Г: кіловат-година, аграрно-промисловий, інженер-механік;ukr_mova nmt2025 task_07;7;Орфографія: дефіс у складних словах;Г;Г: кіловат-година, аграрно-промисловий, інженер-механік
Завдання 8. Орфографія: пошук помилок. Відкрийте зображення питання у HTML-картці.;Правильна відповідь: А. А: Спочатку готелі виникали вздовж важливих торговельних шляхів...;ukr_mova nmt2025 task_08;8;Орфографія: пошук помилок;А;А: Спочатку готелі виникали вздовж важливих торговельних шляхів...
Завдання 9. Словотвір: суфікси фемінітивів. Відкрийте зображення питання у HTML-картці.;Правильна відповідь: В. В: друкар;ukr_mova nmt2025 task_09;9;Словотвір: суфікси фемінітивів;В;В: друкар
Завдання 10. Лексика: лексична помилка. Відкрийте зображення питання у HTML-картці.;Правильна відповідь: Б. Б: спричинити до наслідків;ukr_mova nmt2025 task_10;10;Лексика: лексична помилка;Б;Б: спричинити до наслідків
Завдання 11. Синтаксис: дієприслівниковий зворот. Відкрийте зображення питання у HTML-картці.;Правильна відповідь: В. В: маємо дотримати її усупереч різноманітним перешкодам;ukr_mova nmt2025 task_11;11;Синтаксис: дієприслівниковий зворот;В;В: маємо дотримати її усупереч різноманітним перешкодам
Завдання 12. Синтаксис: пряма й непряма мова. Відкрийте зображення питання у HTML-картці.;Правильна відповідь: Д. Д: Юрій Макаров зазначив, що він не ідеалізує своїх співвітчизників, але не може не пишатися ними;ukr_mova nmt2025 task_12;12;Синтаксис: пряма й непряма мова;Д;Д: Юрій Макаров зазначив, що він не ідеалізує своїх співвітчизників, але не може не пишатися ними
Завдання 13. Пунктуація: розділові знаки. Відкрийте зображення питання у HTML-картці.;Правильна відповідь: Б. Б: тире 2 — при узагальнювальному слові;ukr_mova nmt2025 task_13;13;Пунктуація: розділові знаки;Б;Б: тире 2 — при узагальнювальному слові
Завдання 14. Лексика: лексична норма. Відкрийте зображення питання у HTML-картці.;Правильна відповідь: Г. Г: Люди отримали можливість подорожувати світом, здійснивши давню мрію завдяки технологіям віртуальної реальності;ukr_mova nmt2025 task_14;14;Лексика: лексична норма;Г;Г: Люди отримали можливість подорожувати світом, здійснивши давню мрію завдяки технологіям віртуальної реальності
Завдання 15. Лексика: іншомовні слова. Відкрийте зображення питання у HTML-картці.;Правильна відповідь: Д. Д: дотиковий;ukr_mova nmt2025 task_15;15;Лексика: іншомовні слова;Д;Д: дотиковий
Завдання 16. Морфологія: форми слів і числівники. Відкрийте зображення питання у HTML-картці.;Правильна відповідь: Д. Д: Завдяки, тисяча дев’ятсот дев’яносто шостого;ukr_mova nmt2025 task_16;16;Морфологія: форми слів і числівники;Д;Д: Завдяки, тисяча дев’ятсот дев’яносто шостого
Завдання 17. Морфологія: відмінювання імен. Відкрийте зображення питання у HTML-картці.;Правильна відповідь: А. А: Девідом Девісом, Сергієм Комісаренком;ukr_mova nmt2025 task_17;17;Морфологія: відмінювання імен;А;А: Девідом Девісом, Сергієм Комісаренком
Завдання 18. Морфологія: керування, відмінки, ступені порівняння. Відкрийте зображення питання у HTML-картці.;Правильна відповідь: В. В: за різними напрямами, озону, найтривалішими;ukr_mova nmt2025 task_18;18;Морфологія: керування, відмінки, ступені порівняння;В;В: за різними напрямами, озону, найтривалішими
Завдання 19. Морфологія: числівники та прийменникові конструкції. Відкрийте зображення питання у HTML-картці.;Правильна відповідь: Г. Г: За даними експертів, двісті, тридцяти;ukr_mova nmt2025 task_19;19;Морфологія: числівники та прийменникові конструкції;Г;Г: За даними експертів, двісті, тридцяти
Завдання 20. Морфологія: словоформи. Відкрийте зображення питання у HTML-картці.;Правильна відповідь: Д. Д: прилеглі, острови, межею;ukr_mova nmt2025 task_20;20;Морфологія: словоформи;Д;Д: прилеглі, острови, межею
Завдання 21. Текст: логічна послідовність. Відкрийте зображення питання у HTML-картці.;Правильна відповідь: А. А: коло → трапеція → ромб → квадрат → трикутник;ukr_mova nmt2025 task_21;21;Текст: логічна послідовність;А;А: коло → трапеція → ромб → квадрат → трикутник
Завдання 22. Пунктуація в тексті. Відкрийте зображення питання у HTML-картці.;Правильна відповідь: В. В: речення, позначене ромбом;ukr_mova nmt2025 task_22;22;Пунктуація в тексті;В;В: речення, позначене ромбом
Завдання 23. Синтаксис: однорідні члени. Відкрийте зображення питання у HTML-картці.;Правильна відповідь: Б. Б: речення, позначене колом;ukr_mova nmt2025 task_23;23;Синтаксис: однорідні члени;Б;Б: речення, позначене колом
Завдання 24. Синтаксис: вставне слово. Відкрийте зображення питання у HTML-картці.;Правильна відповідь: А. А: речення, позначене трикутником;ukr_mova nmt2025 task_24;24;Синтаксис: вставне слово;А;А: речення, позначене трикутником
Завдання 25. Морфологія: відмінок. Відкрийте зображення питання у HTML-картці.;Правильна відповідь: Д. Д: відомості;ukr_mova nmt2025 task_25;25;Морфологія: відмінок;Д;Д: відомості
Завдання 26. Фразеологія. Відкрийте зображення питання у HTML-картці.;Правильна відповідь: ВБАД. 1–В, 2–Б, 3–А, 4–Д;ukr_mova nmt2025 task_26;26;Фразеологія;ВБАД;1–В, 2–Б, 3–А, 4–Д
Завдання 27. Морфологія: частини мови. Відкрийте зображення питання у HTML-картці.;Правильна відповідь: АБДВ. 1–А, 2–Б, 3–Д, 4–В;ukr_mova nmt2025 task_27;27;Морфологія: частини мови;АБДВ;1–А, 2–Б, 3–Д, 4–В
Завдання 28. Синтаксис: синтаксичне значення. Відкрийте зображення питання у HTML-картці.;Правильна відповідь: ГБВД. 1–Г, 2–Б, 3–В, 4–Д;ukr_mova nmt2025 task_28;28;Синтаксис: синтаксичне значення;ГБВД;1–Г, 2–Б, 3–В, 4–Д
Завдання 29. Синтаксис: типи складних речень. Відкрийте зображення питання у HTML-картці.;Правильна відповідь: ДАВГ. 1–Д, 2–А, 3–В, 4–Г;ukr_mova nmt2025 task_29;29;Синтаксис: типи складних речень;ДАВГ;1–Д, 2–А, 3–В, 4–Г
Завдання 30. Синтаксис: члени речення. Відкрийте зображення питання у HTML-картці.;Правильна відповідь: ДБАВ. 1–Д, 2–Б, 3–А, 4–В;ukr_mova nmt2025 task_30;30;Синтаксис: члени речення;ДБАВ;1–Д, 2–Б, 3–А, 4–В
